PassengerId,Random Forest,Gradient Boosting,Support Vector Machine,MLPC,HGBC,Survived
892,0.10563760468753515,0.14967851347427916,0.13967752935303365,0.06483405083417892,0.11507124704226082,0.11497978907825754
893,0.4500417620039761,0.13023202989879618,0.6914439119549601,0.43311142921447754,0.3349023668807779,0.4079462999905975
894,0.18123391787391244,0.4989744225659844,0.11284133557606671,0.04768121615052223,0.1022773587116712,0.1886016501756314
895,0.12808615937833057,0.21021542137925103,0.1488161665212362,0.07419168204069138,0.35125077380835357,0.18251204062557252
896,0.5612514703347228,0.543152497394386,0.745715017109931,0.5990509986877441,0.48620689246450977,0.5870753751982587
897,0.11971906260543715,0.04593625437491219,0.17866595959278095,0.14874248206615448,0.06951008939619245,0.11251476960709543
898,0.6860738384459284,0.5688695185535781,0.7248494226418969,0.5572766065597534,0.6785813841358874,0.6431301540674089
899,0.09285401159804793,0.04492968544846947,0.10494602123978493,0.052331067621707916,0.12169579491275116,0.08335131616415228
900,0.7307746789783884,0.9730166991066065,0.8762345915290256,0.6703470349311829,0.807523166666507,0.8115792342423422
901,0.09778723865130447,0.04265888942465179,0.06467973619202634,0.05040103569626808,0.02422232041623098,0.05594984407609632
902,0.13265700514426212,0.1091094197258436,0.1416951576073705,0.06643933802843094,0.11926890815956219,0.11383396573309387
903,0.17679293689923742,0.11405615603560099,0.17389932331220678,0.1683797687292099,0.06990103964390336,0.1406058449240317
904,0.9845042159813369,0.9616872946054792,0.8845535111194629,0.9502801895141602,0.9738886238885884,0.9509827670218055
905,0.09919566076976674,0.27455888555257707,0.06925842055031539,0.033605970442295074,0.0330916641490879,0.10194212029280844
906,0.9826824139076823,0.9270082984957042,0.82017229272857,0.9105909466743469,0.9818917674134856,0.9244691438439577
907,0.9333007153159465,0.9556717608264068,0.8343901190872676,0.8196684122085571,0.8787647962500347,0.8843591607376424
908,0.14098627717653575,0.16372130810492927,0.1680221036869118,0.11181893199682236,0.12412262336797962,0.14173424886663577
909,0.2256917633430623,0.20679955346765555,0.17611004194897548,0.12988556921482086,0.4062122582557572,0.22893983724605427
910,0.43955886050570464,0.7012591030023594,0.6014077133119905,0.4263335168361664,0.5216304543116708,0.5380379295935784
911,0.6579625054729248,0.6512850202819708,0.8189222010710713,0.47420355677604675,0.5920897599822613,0.638892608716855
912,0.3423051888535579,0.2666032104380784,0.12295245001608598,0.17288969457149506,0.2499311562681515,0.23093634002947377
913,0.7653216705920316,0.7506011281690835,0.6383314044933699,0.5718831419944763,0.6362563546607654,0.6724787399819453
914,0.9568762976604991,0.9772034116245317,0.8870126839385906,0.7800164222717285,0.9921177648354517,0.9186453160661603
915,0.4158897809852522,0.7023449925439741,0.26737057668001574,0.280240535736084,0.6302043864923997,0.45921005448754515
916,0.8322534895343113,0.9905029338853286,0.9031604965985798,0.8543390035629272,0.9488277855427272,0.9058167418247749
917,0.06534049436864511,0.0320723236515203,0.06604204236389634,0.02161886729300022,0.01761892249134455,0.04053853003368131
918,0.9936787689663504,0.9906414446754198,0.8446028315246888,0.8944147825241089,0.9928056344925743,0.9432286924366284
919,0.20611648676778566,0.06746967485187128,0.17253450222106487,0.12005297094583511,0.3862116872108175,0.19047706439947487
920,0.41694158651834035,0.49188125245422243,0.19003302557768986,0.20739859342575073,0.6705851095738637,0.3953679135099734
921,0.2190568341384386,0.06937711871707596,0.06566899643395178,0.049197595566511154,0.32934607431322216,0.14652932383383993
922,0.07181410871267181,0.04129560693010123,0.08449089312419261,0.04690023884177208,0.034246104780637186,0.055749390477874985
923,0.06481658302360795,0.07364636529871561,0.07738167216762926,0.05535898357629776,0.061101407224453765,0.06646100225814086
924,0.5617989601734232,0.630010579951911,0.6825981794034488,0.4884583652019501,0.7338108327096727,0.6193353834880811
925,0.4325867301306024,0.43736788609597804,0.7318540430611639,0.5963378548622131,0.3043914678388218,0.5005075963977559
926,0.4832350213705887,0.6676433282342014,0.17362869080062449,0.2599213123321533,0.6213566038183791,0.44115699131118935
927,0.23464044297036363,0.15997186008116515,0.18220186792491125,0.1477898806333542,0.24364673914825288,0.1936501581516094
928,0.4017856240368968,0.2391666474119455,0.7353886330262934,0.5704367756843567,0.12416127949183811,0.41418779193026606
929,0.4062111714185065,0.18565990113674216,0.7443483187636096,0.5954093337059021,0.13517066581732162,0.41335987816841635
930,0.07639681914626231,0.06666766793485936,0.1536804037518682,0.08284932374954224,0.007238867714875739,0.07736661645948158
931,0.5290075591382689,0.39034816778782966,0.1619699854480861,0.181361123919487,0.44020425344674696,0.34057821794808374
932,0.15876977554187532,0.10350189661132271,0.12121961246398426,0.03677719086408615,0.09826374859707208,0.10370644481566811
933,0.5205264848780387,0.5616236306258712,0.19581201066176399,0.20546860992908478,0.728769895383968,0.44244012629574536
934,0.10523532907354317,0.08903906565915903,0.12127542882045181,0.05057555437088013,0.14080351444779343,0.10138577847436551
935,0.9188897055836456,0.9399301893144052,0.8678642720335028,0.6464020609855652,0.9641875471542589,0.8674547550142755
936,0.9826824139076823,0.9674103304660526,0.8177973117999452,0.8801195025444031,0.9865547139957994,0.9269128545427765
937,0.09834043685297897,0.07124694457052297,0.1525169724352977,0.08287463337182999,0.03810352703818738,0.08861650285376341
938,0.343868951651301,0.3479711497267295,0.19610939426693777,0.2161232829093933,0.4097922073221645,0.30277299717530515
939,0.12896669412797135,0.23310401377417697,0.1552229239743296,0.0837181806564331,0.3081684936403937,0.18183606123466095
940,0.9431635527031282,0.9732339363492343,0.8866391539404799,0.9349151849746704,0.9895444915533775,0.945499263904178
941,0.6275667172036684,0.8365445726682971,0.7767917181186474,0.545864999294281,0.7398672492250987,0.7053270513019985
942,0.36034297696964934,0.26963119143706726,0.17397026238961774,0.235731303691864,0.2540216506032672,0.25873947701829314
943,0.15689713852305937,0.1717072847158219,0.1982883080276374,0.15513761341571808,0.20762193152095423,0.1779304552406382
944,0.8842785217421087,0.9257718126425455,0.5193439103327482,0.3554472327232361,0.9460455204319658,0.7261773995745209
945,0.8988866637674856,0.945983472324623,0.6857417274160643,0.28517434000968933,0.8928656048972196,0.7417303616830163
946,0.18560108046019438,0.12396672242125005,0.18567217412343848,0.1398972123861313,0.12181032209660905,0.15138950229752463
947,0.01650863886226275,0.03990542688140883,0.18410153868531154,0.19020473957061768,0.01200633248314577,0.08854533529654932
948,0.10738742537011026,0.10851732678852363,0.1322996665222071,0.05891691893339157,0.07515226209164885,0.09645471994117627
949,0.07059486794455232,0.048782288828365654,0.15231457577010613,0.08287907391786575,0.0638322572141744,0.08368061273501284
950,0.08035678292286663,0.05309569389010821,0.10327119773977705,0.07202191650867462,0.023822602846706186,0.06651363878162654
951,0.9932046580943287,0.9903340011466881,0.9415030308739317,0.9413748383522034,0.9879817080861728,0.9708796473106649
952,0.09177541086809268,0.05772042596091677,0.1704178033054767,0.1274014413356781,0.06550640895044083,0.10256429808412101
953,0.1251280168673691,0.18387723587717736,0.16820835918954125,0.11392763257026672,0.19486914417230616,0.15720207773533212
954,0.09931189692105091,0.07895418945841746,0.1679730533318929,0.12088525295257568,0.04437031066036706,0.10229894066486081
955,0.7182640321394661,0.8402241290274252,0.7505788615400878,0.6173810362815857,0.7766467209950759,0.7406189559967282
956,0.7116236356236356,0.9554015763475553,0.7661781499461331,0.7146239876747131,0.6353953455435536,0.7566445390271183
957,0.9110555595673289,0.9598548102255396,0.8673914959537214,0.705278217792511,0.9786169703101102,0.8844394107698422
958,0.6700103230092687,0.6620814792046469,0.7629366268898522,0.6471741795539856,0.7812263609187896,0.7046857939153086
959,0.24964885766761333,0.049283865209929584,0.18522078890655325,0.23581182956695557,0.09526266094808701,0.16304560045982774
960,0.4153671957496467,0.21585695697544974,0.2340552238704949,0.2796318829059601,0.44434247246790565,0.31785074639389144
961,0.7551594296168763,0.8950840375103949,0.8521903115571439,0.7781825065612793,0.9367009240923212,0.8434634418676031
962,0.6987834379028796,0.700548860553692,0.7443523664345554,0.6030570268630981,0.7348995240931363,0.6963282431694723
963,0.07499718303418665,0.0471248292567063,0.16125562257726667,0.10302828252315521,0.0396091550523186,0.08520301448872668
964,0.4956180294991647,0.6248423293798836,0.717477957058558,0.5284003615379333,0.4173778285823531,0.5567433012115786
965,0.45859062076471946,0.2692399900438013,0.2407079433103846,0.28867286443710327,0.42167882808942325,0.3357780493290864
966,0.9932046580943287,0.9832561767586925,0.9245266684419757,0.9421851634979248,0.9868193139955429,0.9659983961576929
967,0.3394400712189101,0.09315714300015675,0.4581130459326202,0.4240935742855072,0.5430294916471009,0.3715666652168591
968,0.08390963597427574,0.059199952950224,0.1556316758252014,0.08948161453008652,0.019889815677693115,0.08162253899149616
969,0.8013478940525992,0.7970578721994788,0.651339057124392,0.6205148100852966,0.8223687854508005,0.7385256837825134
970,0.12344455373013156,0.14893138422533522,0.1724868360411921,0.11800230294466019,0.23965963353626502,0.16050494209551683
971,0.6987834379028796,0.700548860553692,0.7443523664345554,0.6030570268630981,0.7348995240931363,0.6963282431694723
972,0.8745306344163036,0.9451026125853115,0.5563387992415229,0.707159161567688,0.9055928292255374,0.7977448074072727
973,0.28211072183550334,0.008403521873000322,0.20616271972425912,0.31446778774261475,0.16190194567101043,0.1946093393692776
974,0.20464070764700815,0.32930187384041204,0.1668769503030974,0.15745730698108673,0.10158827237737547,0.19197302222979593
975,0.13265700514426212,0.1091094197258436,0.1416951576073705,0.06643933802843094,0.11926890815956219,0.11383396573309387
976,0.10331945914941623,0.06327059491465828,0.19101190734343335,0.1358618289232254,0.016205915782893952,0.10193394122272545
977,0.11079247498537237,0.06342979059228385,0.09666355448156726,0.05100465938448906,0.0852835756678254,0.08143481102230758
978,0.7376589136933501,0.8731818182576675,0.7349256266543277,0.5820884108543396,0.8965802599037657,0.7648870058726901
979,0.4446383663862284,0.5859940976481762,0.7530412018300575,0.611809253692627,0.3664753279626679,0.5523916495039514
980,0.739511262443397,0.8518364925114659,0.7347821915316839,0.5808969140052795,0.8383076573743167,0.7490669035732286
981,0.9580720343311094,0.987609960366082,0.6063383343896592,0.7878866791725159,0.9565714325552799,0.8592956881629291
982,0.511514782313569,0.7581284096471385,0.7790812807417073,0.6970860362052917,0.29207906698669217,0.6075779151788797
983,0.07982270264890294,0.07670932197623904,0.15673478203801344,0.09246186167001724,0.12957150688758956,0.10706003504415244
984,0.8686207784108518,0.9576908316615901,0.8093837918591212,0.8749570846557617,0.8271689485215121,0.8675642870217674
985,0.08390963597427574,0.059199952950224,0.1556316758252014,0.08948161453008652,0.019889815677693115,0.08162253899149616
986,0.35450536929983634,0.4255617362379799,0.24961988535229676,0.29830458760261536,0.42594904403194617,0.3507881245049349
987,0.0827813926304114,0.08564046429344119,0.1524218553945809,0.08287671208381653,0.16073967507741138,0.11289201989593227
988,0.9188930235389883,0.9469780129155911,0.7572273986232376,0.9039878845214844,0.9886479621249925,0.9031468563448588
989,0.1960018190086233,0.20070350598184555,0.14414994869139947,0.06850571930408478,0.3353501442808725,0.18894222745336514
990,0.5294402680406459,0.5142170112799195,0.7466173446634053,0.595398485660553,0.6627462425171454,0.6096838704323339
991,0.1464202846791922,0.16552775592290406,0.13625196766952002,0.06219431385397911,0.14322841157863386,0.13072454674084583
992,0.9887768642683245,0.9952711196717254,0.840400848829695,0.9042773246765137,0.988795742690361,0.943504380027324
993,0.11007046626830638,0.11383622535893992,0.1190014694120047,0.08336573094129562,0.14369112291422395,0.11399300297895412
994,0.12896669412797135,0.23310401377417697,0.1552229239743296,0.0837181806564331,0.3081684936403937,0.18183606123466095
995,0.10322978005019426,0.08963275352244317,0.15027944061760576,0.07843124121427536,0.121942561377612,0.10870315535642612
996,0.5898144897358919,0.8272680157418011,0.7796557488276172,0.6640947461128235,0.8742724296418823,0.7470210860120032
997,0.10502843709621724,0.11561144188166449,0.15689679483101335,0.10117214918136597,0.04446086022735067,0.10463393664352234
998,0.0925534199245585,0.08002000762726777,0.16876041842708084,0.11577624827623367,0.0916201535185904,0.10974604955474623
999,0.12896669412797135,0.23310401377417697,0.1552229239743296,0.0837181806564331,0.3081684936403937,0.18183606123466095
1000,0.077557804800627,0.029804269981630667,0.15876466558374605,0.09550876170396805,0.004021422726729246,0.0731313849593402
1001,0.08609246610079185,0.07242208937934277,0.20138715428995552,0.15389509499073029,0.0655405458211847,0.11586747011640104
1002,0.18121025782774267,0.0667503209612666,0.16399253902669092,0.11220673471689224,0.1108367062675982,0.12699931176003815
1003,0.6979052980339521,0.6694406724056744,0.7367466488684141,0.5856267809867859,0.7851027243286641,0.6949644249246981
1004,0.950847802159272,0.9842833921867018,0.8120049063958069,0.8103723526000977,0.9931903264875305,0.9101397559658817
1005,0.6923823991414699,0.8855655489096121,0.7608176257558643,0.6384779214859009,0.6782776528890754,0.7311042296363846
1006,0.9537303784400941,0.9490145354924772,0.8974125258680096,0.9747141003608704,0.9784066389089505,0.9506556358140804
1007,0.19771910856664734,0.07866743535049238,0.11819646965193609,0.10833446681499481,0.1375657495672593,0.128096645990266
1008,0.08860416762265706,0.20775620081143875,0.1644816195457936,0.1012263149023056,0.21961936223477144,0.1563375330233933
1009,0.7878232926684918,0.9175206309735732,0.6710558638045755,0.49742451310157776,0.8044761281791818,0.73566008574548
1010,0.42381341675170364,0.6151799262589248,0.26849330865192284,0.4507777690887451,0.5326535610757055,0.45818359636540035
1011,0.887862249610679,0.9068902101271634,0.8044386307542961,0.772786557674408,0.9220624244667157,0.8588080145266523
1012,0.8792219169850637,0.9374493359773213,0.8114126399686599,0.7864824533462524,0.9339084867745516,0.8696949666103698
1013,0.10732931049756339,0.08061562042688804,0.08723824105770903,0.04208821803331375,0.12848416571553195,0.08915111114620124
1014,0.995443530934991,0.9913447417132741,0.8590237614155783,0.9286788105964661,0.9933997422064703,0.953578117373356
1015,0.08175012962574595,0.06033544622744839,0.14572583723309587,0.07019562274217606,0.016974604901836617,0.07499632814606058
1016,0.12896669412797135,0.23310401377417697,0.1552229239743296,0.0837181806564331,0.3081684936403937,0.18183606123466095
1017,0.6196355445551717,0.5700233383753185,0.7314776814680005,0.5969194769859314,0.6362272834452002,0.6308566649659244
1018,0.08504600120826705,0.10063906275738865,0.15895200852530825,0.09761838614940643,0.13206360154735938,0.11486381203754596
1019,0.6712533722952905,0.707864394717688,0.5286611721630682,0.43713921308517456,0.5964428827661375,0.5882722070054718
1020,0.1271341738847552,0.20626468850373342,0.14593544480713655,0.08851119875907898,0.30281355579770686,0.1741318123504822
1021,0.08390963597427574,0.059199952950224,0.1547631177534815,0.08754633367061615,0.019889815677693115,0.0810617712052581
1022,0.16683860604160802,0.19342594912814665,0.1382128227156198,0.06377028673887253,0.3022223101728002,0.17289399495940944
1023,0.4265448884128134,0.18883910293017428,0.8011423117158132,0.5772389769554138,0.22086993195508012,0.442927042393859
1024,0.13458504473422045,0.017113909224936445,0.7522084933321853,0.412532240152359,0.03363673275369545,0.27001528403947933
1025,0.07225262923795608,0.023292730958846614,0.09557328527813387,0.05722453072667122,0.05427971291516734,0.06052457782335503
1026,0.10671349378449589,0.1224230276890141,0.11781673286812054,0.048128895461559296,0.11470288115177114,0.1019570061909922
1027,0.07302122121366923,0.05696912619613031,0.15461725323137052,0.08754963427782059,0.07646829763069905,0.08972510650993795
1028,0.12358812382039654,0.17742710465140524,0.16328092201493163,0.09692951291799545,0.1849451211985591,0.1492341569206576
1029,0.09464488430127677,0.08166454765336026,0.18214855434916133,0.12958158552646637,0.0464702474187731,0.10690196384980757
1030,0.4084522907035635,0.2391666474119455,0.737317988242503,0.5749278664588928,0.13238857865148282,0.4184506742936775
1031,0.04581958412198683,0.02045294002754939,0.034886612766664646,0.003533477894961834,0.022332802337761724,0.025405083429784887
1032,0.04047955200973777,0.01875222688360016,0.15849669687855786,0.06514624506235123,0.06873830088886287,0.07032260434462198
1033,0.9546108122162067,0.9661647518079451,0.889650690712595,0.9391977190971375,0.9900656157967999,0.9479379179261368
1034,0.31089658095390177,0.04863741464396274,0.1925905109721847,0.07163563370704651,0.14970749379941484,0.1546935268153021
1035,0.10100321338444614,0.11561144188166449,0.18832690111574438,0.16757819056510925,0.049558358537155865,0.12441562109682403
1036,0.5107730483830056,0.8471126830547072,0.18409278506098584,0.18613770604133606,0.7945565820695971,0.5045345609219264
1037,0.1351047519575645,0.13389288019546017,0.032240206451232004,0.019479364156723022,0.08837727304287386,0.0818188951607707
1038,0.27964325574822696,0.14333186780605145,0.20838045965233132,0.3169777989387512,0.14868331650450717,0.21940333972997364
1039,0.08390963597427574,0.08076896345146989,0.15914571058214605,0.097613625228405,0.0234832344680813,0.0889842339408756
1040,0.5205264848780387,0.5616236306258712,0.19581201066176399,0.20546860992908478,0.728769895383968,0.44244012629574536
1041,0.332072978453532,0.08458875250885704,0.6718508552966371,0.6515054106712341,0.3103413209915247,0.41007186358435704
1042,0.9924833374212984,0.9907794366522042,0.9264710780852411,0.9454776644706726,0.9899601372176761,0.9690343307694185
1043,0.17964977164873666,0.14209133866988155,0.15558232559407112,0.07915706187486649,0.13781582779792415,0.13885926511709598
1044,0.2210523415178751,0.0333217182119213,0.10185412512281612,0.05487988516688347,0.17060005502032483,0.11634162500796416
1045,0.6165502806906431,0.7179380681781641,0.7730965558669377,0.5058022737503052,0.4749753696882396,0.6176725096348579
1046,0.13527850407330444,0.2983420779739793,0.1473332480502834,0.11103558540344238,0.07906611295694753,0.1542111056915914
1047,0.07045206911500057,0.062036582196762474,0.15439085772765707,0.08755475282669067,0.09616634873180811,0.09412012211958379
1048,0.9853150728678357,0.9697364627499024,0.9278141736651487,0.9344419836997986,0.9636236714887481,0.9561862728942867
1049,0.5356892128335283,0.4792006864014127,0.7371018525865899,0.5731134414672852,0.6005589270891266,0.5851328240755886
1050,0.5107730483830056,0.8471126830547072,0.18409278506098584,0.18613770604133606,0.7945565820695971,0.5045345609219264
1051,0.633913102647073,0.2395997141551852,0.8022990404400261,0.5976813435554504,0.39079452586190677,0.5328575453319283
1052,0.7654296122987394,0.8676996743577339,0.7302200069620345,0.5702818632125854,0.8226098217876159,0.7512481957237418
1053,0.8551263393649496,0.8224736887392291,0.5522241600727533,0.7015984058380127,0.8763827779625131,0.7615610743954916
1054,0.8737320475655966,0.8141268949580055,0.7710553323143935,0.6879081130027771,0.8227202360535025,0.793908524778855
1055,0.14707096121997795,0.028764904758001655,0.14268871899311497,0.0662466436624527,0.04907854538774712,0.08676995480425889
1056,0.0858259525390927,0.012477637579317398,0.7672980292700556,0.4641557037830353,0.2557623854432558,0.31710394172295137
1057,0.5643365536395034,0.20941239987006202,0.7436669648430996,0.6566016674041748,0.38742901821223014,0.512289320793814
1058,0.2970111980467739,0.3562910642666398,0.2071815696833697,0.3099530041217804,0.23199486415503812,0.28048634005472034
1059,0.054631889079607907,0.03474158608179157,0.053563619273716126,0.03234262391924858,0.03030056857533151,0.04111605738593914
1060,0.8571267502754055,0.8232381829592624,0.8846090381281648,0.7207217812538147,0.7895158385289782,0.8150423182291252
1061,0.40559738705472215,0.21012215958648062,0.7415112791654535,0.5907712578773499,0.14448167188394415,0.4184967511135901
1062,0.0639838538482258,0.04238046100041389,0.15138800332893834,0.08107540011405945,0.021394870907074936,0.07204451783974249
1063,0.11317888861116134,0.15820446429332838,0.16215275456036213,0.09433619678020477,0.19516451548128091,0.1446073639452675
1064,0.09112068758520293,0.15199923931161213,0.0992669949028572,0.0647960975766182,0.007598812823006361,0.08295636643985935
1065,0.11364449130179835,0.10649191456216353,0.16601760444056785,0.10341423749923706,0.12901537420500084,0.12371672440175352
1066,0.04137214438257158,0.34068763787465595,0.038010619054622136,0.00489647313952446,0.042367897770358195,0.09346695444434647
1067,0.9733132687157522,0.9528506469801388,0.7669881454299448,0.7109419703483582,0.9551114331588688,0.8718410929266124
1068,0.9430745722295406,0.9281561952748613,0.8094349609676915,0.8647122383117676,0.9714441295119911,0.9033644192591705
1069,0.3560593555956452,0.3241227912013518,0.12230802648699143,0.16155171394348145,0.25926685740978783,0.24466174892745157
1070,0.9443193353313087,0.9725978564539915,0.8028877193848623,0.7241937518119812,0.9816736648091743,0.8851344655582636
1071,0.9605470973077358,0.9544793161575827,0.8427177778306414,0.9182451963424683,0.9825474702245021,0.9317073715725861
1072,0.12344455373013156,0.14893138422533522,0.1724868360411921,0.11800230294466019,0.23965963353626502,0.16050494209551683
1073,0.43607850228026684,0.2595593347783149,0.15362198595103185,0.17266231775283813,0.41827828198315514,0.2880400845491214
1074,0.9836245863517074,0.9686117436606374,0.8757482701485799,0.9177581667900085,0.9843380544829536,0.9460161642867773
1075,0.12896669412797135,0.23310401377417697,0.1552229239743296,0.0837181806564331,0.3081684936403937,0.18183606123466095
1076,0.9564671288953815,0.9839489257855043,0.9451087670087045,0.9378289580345154,0.8383548103176829,0.9323417180083577
1077,0.09688858215672523,0.12791338251260392,0.15230602624948583,0.10005854815244675,0.05998436731335176,0.10743018127692269
1078,0.8878328632664882,0.8870344314553806,0.7621717513111457,0.6962673664093018,0.9555578828883757,0.8377728590661384
1079,0.14049750551233026,0.3016520731298963,0.06315540108691083,0.06620384007692337,0.3204286627446657,0.1783874965101453
1080,0.0625255002135807,0.05607846089363987,0.029396247543496856,0.007954440079629421,0.11786661535027619,0.054764252816124605
1081,0.12300408935987138,0.12847596247842127,0.15011245585672056,0.09291594475507736,0.2308735109257703,0.1450763926751722
1082,0.09782408232544533,0.09307397059708045,0.10737384500782261,0.07014859467744827,0.10881465988827246,0.09544703049921381
1083,0.19853800058919394,0.37141349265487633,0.18864003210869817,0.19202269613742828,0.1587718761585655,0.22187721952975242
1084,0.7763020709756847,0.5532374142040001,0.5052041610426737,0.5937028527259827,0.802095975594084,0.6461084949084851
1085,0.1665437798611336,0.017897297616818283,0.11605703171743076,0.05915387347340584,0.10569436276999819,0.09306926908775734
1086,0.9335984681388302,0.9440401249876815,0.6823321441118061,0.8163381218910217,0.9270914136182631,0.8606800545495205
1087,0.11506896760998596,0.14545672704603618,0.13612073997388432,0.061882998794317245,0.26954622577213405,0.14561513183927155
1088,0.8884354264323772,0.9961757954257131,0.8442418879159043,0.9232137203216553,0.952990338348836,0.921011433688897
1089,0.5381597202743756,0.46764500264618036,0.7527496473772516,0.6093311905860901,0.5850673060297611,0.5905905733827318
1090,0.07990023134574367,0.05581890534965818,0.1874878973403566,0.1309196799993515,0.006509594051741585,0.09212726161737031
1091,0.48051382082139155,0.4659268050714462,0.8510273246589415,0.6197896003723145,0.22958724575623024,0.5293689593360649
1092,0.6819520922427533,0.7844446610833606,0.7333789272668326,0.6283952593803406,0.8039002421462195,0.7264142364239013
1093,0.9203854350554543,0.9554493938086699,0.6465039929988468,0.6865947842597961,0.9002480251499416,0.8218363262545416
1094,0.6174165474063014,0.7858623343004207,0.8880026972109665,0.9892878532409668,0.48489802149515193,0.7530934907307614
1095,0.9154528883276216,0.902947743524623,0.7007357180560908,0.643747866153717,0.8795475399868968,0.8084863512097898
1096,0.08182351904253232,0.05021171057434856,0.182494219709501,0.12496145069599152,0.011575893352886956,0.09021335867505206
1097,0.32146068789759197,0.2744973304753442,0.20578305347615358,0.22045376896858215,0.15412656355050391,0.2352642808736351
1098,0.7178157488027446,0.7838592020600677,0.7081719986494244,0.5204277038574219,0.6994990269344266,0.685954736060817
1099,0.07990023134574367,0.05581890534965818,0.18497803250535055,0.12791095674037933,0.006416958560350653,0.09100501690029647
1100,0.9126118787845845,0.9286019867289806,0.8161187340945302,0.7965403199195862,0.9704536982227512,0.8848653235500865
1101,0.06856272900387685,0.03974915746184497,0.1524954710788939,0.08287512511014938,0.020418138189307336,0.07282012416881448
1102,0.15327240756751104,0.17834908665628285,0.14833155425960756,0.09186360985040665,0.20472882530073153,0.15530909672690793
1103,0.10810793069565759,0.022139786156546017,0.14353603430300382,0.06699584424495697,0.02895406295585558,0.073946731671204
1104,0.1467571545358311,0.1043009994633812,0.267346251750174,0.2871624827384949,0.06096979060899694,0.17330733581937563
1105,0.7356987617142721,0.5999786916425829,0.7110751579958067,0.5722039341926575,0.7828016843584416,0.6803516459807522
1106,0.6167184886122729,0.6390926133899203,0.1420316739483004,0.02042641118168831,0.2392520758938306,0.33150425260520244
1107,0.2898085090364616,0.3654840565535016,0.19813501734648384,0.2612425684928894,0.17412829624876114,0.2577596895356195
1108,0.7172357557254292,0.8763001949777453,0.7257931626014276,0.5611197352409363,0.83428607924743,0.7429469855585936
1109,0.24603941206961438,0.02065296914593937,0.15683003878391513,0.19040632247924805,0.10384268147162316,0.14355428479006802
1110,0.9746739172153775,0.9791720309092596,0.9055295134783308,0.9520491361618042,0.9654097973447668,0.9553668790219078
1111,0.08390963597427574,0.059199952950224,0.1556316758252014,0.08948161453008652,0.019889815677693115,0.08162253899149616
1112,0.8293547081538555,0.9249011302998537,0.6686876083053015,0.6286059617996216,0.9595662350297918,0.8022231287176848
1113,0.08598520533245378,0.08076896345146989,0.16137447707844013,0.10302526503801346,0.0401949745944915,0.09426977709897374
1114,0.8673600686429491,0.9151961370093621,0.8808695488280612,0.6751835346221924,0.9300713779381674,0.8537361334081466
1115,0.09098015642503095,0.10063906275738865,0.16117858234542268,0.103030264377594,0.15092314882750807,0.12135024294658887
1116,0.7459460127123153,0.7656559063886854,0.869234933935874,0.6636914610862732,0.7734179891781648,0.7635892606602626
1117,0.6152349617505919,0.7628658734912566,0.8494723078609854,0.7124677896499634,0.6394903329130209,0.7159062531331637
1118,0.08393489009715595,0.0948090958229928,0.1567504448772052,0.09246151894330978,0.09062789028830202,0.10371676800579314
1119,0.739511262443397,0.8518364925114659,0.7347821915316839,0.5808969140052795,0.8383076573743167,0.7490669035732286
1120,0.12508713054822448,0.10021181218104692,0.1266596222163813,0.061748355627059937,0.04495642400204831,0.09173266891495219
1121,0.12204563109012843,0.1570880431824764,0.15876136077602301,0.10231913626194,0.12848170616162888,0.13373917549443934
1122,0.1649899420693803,0.09271406838688538,0.26759289326483693,0.28124022483825684,0.09176591147190634,0.17966060800625316
1123,0.9411998076414373,0.96578890841138,0.8281664612999206,0.8335964679718018,0.975349694412022,0.9088202679473122
1124,0.1183433126174611,0.06536289531519662,0.09845986689071755,0.07256050407886505,0.09262484316632319,0.08947028441371271
1125,0.15749140367205358,0.2874351562226362,0.14933240723719685,0.07296498119831085,0.17409137096564103,0.1682630638591677
1126,0.45734010942502323,0.3977778097052231,0.16354595167516506,0.2782936096191406,0.47169037329258673,0.35372957074342776
1127,0.085302364262833,0.06498167174266946,0.16347577804120958,0.10870478302240372,0.07645093447317225,0.0997831063084576
1128,0.40463905203972284,0.414521893382051,0.11675574405259141,0.2022029310464859,0.2877284907046664,0.28516962224510356
1129,0.2791832835671871,0.2192001068104025,0.17852594039588607,0.13681507110595703,0.3175529728588656,0.22625547494765966
1130,0.8372749687461534,0.8663708416498549,0.6481972527273445,0.5019167065620422,0.9520766943533258,0.7611672928077442
1131,0.9959379973407478,0.9933030508444763,0.866383900273813,0.966331422328949,0.9928149891006137,0.96295427197772
1132,0.7428692153266944,0.7503846283018774,0.8655979558118885,0.6529290676116943,0.765747709494891,0.7555057153094091
1133,0.935302905006119,0.9220534973113619,0.7988706879543265,0.6480842232704163,0.9559275166902583,0.8520477660464965
1134,0.33466842645506506,0.18127137996963744,0.17559781742210132,0.1818508505821228,0.30015664549500126,0.2347090239847856
1135,0.14057648774000375,0.11918156838947466,0.1429021811624869,0.06742581725120544,0.12735783600023065,0.11948877810868028
1136,0.531443163434441,0.4225736925308372,0.4409831346882683,0.4606206715106964,0.26168468436971626,0.4234610693067918
1137,0.32532275717419423,0.14909160173965866,0.13174089030486721,0.17103621363639832,0.193038617687947,0.1940460161086131
1138,0.8774156338928782,0.9274210083793296,0.887014919321005,0.7691856622695923,0.9665111894665324,0.8855096826658674
1139,0.07317698677735124,0.17313008802564245,0.08405514215132465,0.03422620892524719,0.08160000905382953,0.08923768698667901
1140,0.887862249610679,0.9068902101271634,0.8044386307542961,0.772786557674408,0.9220624244667157,0.8588080145266523
1141,0.5373946014529933,0.5160200039008712,0.7710532312415511,0.6528230905532837,0.4873221536460168,0.5929226161589431
1142,0.7881309407770909,0.869178372972438,0.6905856216142207,0.4820801913738251,0.9319272214459089,0.7523804696366968
1143,0.11636969299291465,0.16944577402776648,0.16353094552965733,0.10870330780744553,0.2738777218905755,0.1663854884496719
1144,0.398184893171719,0.1482224057771523,0.25727101237553646,0.2459929883480072,0.479595531389875,0.30585336621245796
1145,0.07703697146729367,0.04587144462118682,0.15571569929199572,0.08752471953630447,0.003964054150326392,0.07402257781342142
1146,0.16686757310814096,0.22890663198508474,0.13821045231257087,0.06535641103982925,0.11323584748899436,0.14251538318692406
1147,0.0639838538482258,0.04238046100041389,0.15138800332893834,0.08107540011405945,0.021394870907074936,0.07204451783974249
1148,0.12896669412797135,0.23310401377417697,0.1552229239743296,0.0837181806564331,0.3081684936403937,0.18183606123466095
1149,0.11564490615651231,0.1261993224236767,0.14629414433829827,0.0704529881477356,0.09674016935772127,0.11106630608478882
1150,0.8755225935424519,0.8730117867090458,0.7904179565927149,0.7282024025917053,0.9575222357764352,0.8449353950424706
1151,0.08686796897677794,0.08152654572981646,0.16116256160996173,0.10303063690662384,0.13132547737054992,0.11278263811874598
1152,0.06654284758017734,0.09417719286838538,0.08248617131208713,0.03316361457109451,0.03819693671549172,0.06291335260944722
1153,0.07746042693548366,0.060628099068340824,0.16122357002286805,0.1030290499329567,0.09321611482098481,0.0991114521561268
1154,0.9273955601963458,0.9454329767140651,0.8326811572456194,0.685173511505127,0.9542716995265285,0.8689909810375372
1155,0.7593526554121931,0.8714476027862649,0.6653509087135965,0.4661819338798523,0.8341124910142625,0.7192891183612339
1156,0.18097627292236776,0.18623532531293394,0.18849931453367677,0.13732315599918365,0.20559065455373524,0.17972494466437947
1157,0.13265700514426212,0.1091094197258436,0.1416951576073705,0.06643933802843094,0.11926890815956219,0.11383396573309387
1158,0.20276043571938332,0.48544630328969846,0.20072639949477694,0.11638089269399643,0.1763351625484325,0.23632983874925753
1159,0.0639838538482258,0.04238046100041389,0.15138800332893834,0.08107540011405945,0.021394870907074936,0.07204451783974249
1160,0.4017856240368968,0.2391666474119455,0.7353886330262934,0.5704367756843567,0.12416127949183811,0.41418779193026606
1161,0.09594817710732244,0.059702878112615224,0.1710362208635175,0.12738339602947235,0.09074859445720522,0.10896385331402654
1162,0.319605921158313,0.17500789116104212,0.23723563809272644,0.47850143909454346,0.26090847717553733,0.29425187333643243
1163,0.12896669412797135,0.23310401377417697,0.1552229239743296,0.0837181806564331,0.3081684936403937,0.18183606123466095
1164,0.9797110032230328,0.9673452815688249,0.9173735561800982,0.964419960975647,0.9375478648751722,0.9532795333645551
1165,0.5903352524258629,0.46483753465060335,0.6341770153585101,0.5522115230560303,0.29192122658663616,0.5066965104155285
1166,0.14598938612515708,0.13005425872960177,0.17065116260466515,0.11507625877857208,0.310764769439582,0.17450716713551562
1167,0.8859658947095759,0.8771720411994461,0.695770034039622,0.7262884974479675,0.9289462533675075,0.8228285441528238
1168,0.09961247691802398,0.1194777328660791,0.17519838333953042,0.11646095663309097,0.062353622738039856,0.11462063449895288
1169,0.08229843434480492,0.07508285841385033,0.0982146835327781,0.06038994714617729,0.053896442977549835,0.0739764732830321
1170,0.08683750814199682,0.07007143670425942,0.11104701103063935,0.0682302936911583,0.04105000497663442,0.07544725090893765
1171,0.07990023134574367,0.05313767870803757,0.1900238766721738,0.13398827612400055,0.007264275147788159,0.09286286759954875
1172,0.400978542229815,0.19366030301558163,0.7379933641558304,0.580590546131134,0.12338575229053585,0.40732170156457936
1173,0.9297483216242233,0.9658944675482332,0.5485754261352946,0.6522801518440247,0.9069669491393343,0.800693063258222
1174,0.739511262443397,0.8518364925114659,0.7347821915316839,0.5808969140052795,0.8383076573743167,0.7490669035732286
1175,0.5143828073080682,0.3620758187971565,0.6641841213327013,0.5009738206863403,0.42174025703555706,0.4926713650319646
1176,0.7595362810521148,0.864566214697765,0.6718169013959902,0.5169956088066101,0.7335973193379458,0.7093024650580853
1177,0.07417489176810299,0.06026791592516709,0.12999333749428463,0.0565054789185524,0.006463986251358541,0.06548112207149312
1178,0.11153236672357486,0.0666306095179505,0.14367616530196886,0.06733818352222443,0.015604442496558592,0.08095635351245545
1179,0.3114216895077822,0.1375832232748921,0.19296004039378048,0.233692929148674,0.10223072784122823,0.1955777220332714
1180,0.11364449130179835,0.10649191456216353,0.16601760444056785,0.10341423749923706,0.12901537420500084,0.12371672440175352
1181,0.08390963597427574,0.059199952950224,0.1556316758252014,0.08948161453008652,0.019889815677693115,0.08162253899149616
1182,0.30170306894822263,0.2101272840732643,0.23043815923790634,0.3138319253921509,0.11099005983105861,0.23341809949652056
1183,0.6053437497347027,0.08608984699475013,0.724076956073644,0.5509169697761536,0.6469365299286821,0.5226728105015865
1184,0.11364449130179835,0.10649191456216353,0.16601760444056785,0.10341423749923706,0.12901537420500084,0.12371672440175352
1185,0.4407221826778821,0.7618492801621818,0.7015464002041533,0.9242572784423828,0.29012634356558353,0.6237002970104367
1186,0.14701310672189408,0.20115253991354615,0.13144994881528,0.059873610734939575,0.0907820206523356,0.12605424536759907
1187,0.08736042439603571,0.06509739427360701,0.15036734390207038,0.07842938601970673,0.027774463261094076,0.08180580237050278
1188,0.811416620021969,0.9237022423043958,0.7291148200180823,0.5083001852035522,0.9573816598874008,0.7859831054870801
1189,0.2190568341384386,0.06937711871707596,0.06566899643395178,0.049197595566511154,0.32934607431322216,0.14652932383383993
1190,0.30022158746674116,0.2119915657393683,0.23466357665368293,0.3459048569202423,0.11000558547228124,0.2405574344504632
1191,0.14675271356458364,0.15025693601372223,0.14410019295944934,0.0683823749423027,0.38085171347887087,0.17806878619178573
1192,0.12763584710089323,0.17911529014865124,0.13802631642880875,0.06332315504550934,0.2891550863475031,0.15945113901427316
1193,0.1672683980816678,0.1000705067794174,0.18521314526386187,0.1381528377532959,0.12047727836020028,0.14223643324768864
1194,0.0507345343750072,0.1625577813721864,0.12864449096381367,0.05418940261006355,0.018105342849591966,0.08284631043413256
1195,0.07789113813396033,0.04587144462118682,0.15522013528710088,0.08753595501184464,0.004760461291026729,0.07425582686902389
1196,0.739511262443397,0.8518364925114659,0.7347821915316839,0.5808969140052795,0.8383076573743167,0.7490669035732286
1197,0.8624442433112999,0.7830347204907668,0.7033106836713562,0.5249806046485901,0.9021829239971778,0.7551906352238381
1198,0.4441680906867945,0.018167545018566416,0.18454057220550302,0.08889786899089813,0.1850843348994269,0.1841716823602378
1199,0.8394143394038417,0.9469170409141349,0.6738723781393215,0.6898157596588135,0.9311377389070881,0.81623145140464
1200,0.23096338867780153,0.3832538054580464,0.11350079933559168,0.17740346491336823,0.1274125332562486,0.20650679832821126
1201,0.4584990138693115,0.13993102748926772,0.7069257444078639,0.5375295877456665,0.1747132549335376,0.4035197256891294
1202,0.11225881481269698,0.059702878112615224,0.16870086048027816,0.12086470425128937,0.09588708541937162,0.11148286861525028
1203,0.20540220105349993,0.20679955346765555,0.17371992227998162,0.12325695157051086,0.39587256775136964,0.22101023922460353
1204,0.0639838538482258,0.04238046100041389,0.15140630174080172,0.08107499033212662,0.021394870907074936,0.0720480955657286
1205,0.7178157488027446,0.48053791901740667,0.7012796013617855,0.5051451325416565,0.6673490756333328,0.6144254954713853
1206,0.9604968860364617,0.9782164474363947,0.9225780750641668,0.9809658527374268,0.9823476743933535,0.9649209871335607
1207,0.7367387940690404,0.8737855195632425,0.7657710805286666,0.6528747081756592,0.7499730851316597,0.7558286374936537
1208,0.3425762451965957,0.04136610080850739,0.1821950284147098,0.3120352029800415,0.19193328666864357,0.2140211728136996
1209,0.12513432233893493,0.07242208937934277,0.1977890363452991,0.1462782621383667,0.155495212850448,0.13942378461047827
1210,0.10959067382637552,0.250628830183351,0.1482337928110439,0.07420343905687332,0.3761342711877133,0.19175820141307143
1211,0.06111287931990425,0.06901937379082958,0.0797798081225826,0.061976358294487,0.06526171862070676,0.06743002762970204
1212,0.10322978005019426,0.08963275352244317,0.15027944061760576,0.07843124121427536,0.121942561377612,0.10870315535642612
1213,0.11709348415429997,0.11475321487085771,0.1667066556857049,0.10509439557790756,0.16214896958979827,0.1331593439757137
1214,0.09464488430127677,0.08166454765336026,0.18214855434916133,0.12958158552646637,0.0464702474187731,0.10690196384980757
1215,0.5835191010754215,0.7716686932381092,0.2075417129010596,0.22531525790691376,0.8698048379162201,0.5315699206075448
1216,0.9869925582479527,0.9714268515805901,0.9112169275254914,0.94124436378479,0.9824342768606259,0.95866299559989
1217,0.08576415359748049,0.037357056849858024,0.1561896406462757,0.09247476607561111,0.13740264459601845,0.10183765235304876
1218,0.9503522543517446,0.9122770937624954,0.574975288702599,0.47450506687164307,0.9030649085533267,0.7630349224483618
1219,0.2801633082157,0.09345678500124188,0.2413404894352118,0.47799795866012573,0.21927249049311764,0.2624462063610794
1220,0.1230707394637361,0.07918186580972739,0.11557241969349932,0.07937409728765488,0.12044338146344848,0.10352850074361324
1221,0.07772343743240528,0.05313767870803757,0.19481043947238325,0.14540113508701324,0.010962188437704776,0.09640697582750883
1222,0.933118639995767,0.9737686695378558,0.7970582390869058,0.6950291991233826,0.9688744030320273,0.8735698301551877
1223,0.42763382496834085,0.47715730107385557,0.21224902553254055,0.24449893832206726,0.4581558444612725,0.36393898687161536
1224,0.14598938612515708,0.13005425872960177,0.17065116260466515,0.11507625877857208,0.310764769439582,0.17450716713551562
1225,0.6402702839807025,0.9501190099231722,0.7781870976369315,0.7142379879951477,0.7181731693888527,0.7601975097849613
1226,0.10712742992507854,0.20399788345641826,0.14826371942061456,0.07420282065868378,0.10922761710466491,0.128563894113092
1227,0.24605906425970564,0.41912522577124844,0.2153021148333717,0.23687922954559326,0.19951234532846546,0.26337559594767695
1228,0.14696938667235113,0.18387723587717736,0.16781018002153936,0.11255582422018051,0.3592766787526732,0.1940978611087843
1229,0.10008083141475854,0.015274733338906407,0.10052966297920082,0.02550988830626011,0.019305841283239752,0.05214019146447313
1230,0.1843147372517587,0.07941029225958825,0.20102509666374677,0.20221582055091858,0.27460155790162605,0.18831350092552768
1231,0.5346317615609177,0.6364120117451839,0.6479594444887451,0.5361402034759521,0.6309303869185191,0.5972147616378636
1232,0.11458407482894507,0.07242208937934277,0.20042997740113833,0.15392760932445526,0.12678502174146655,0.1336297545350696
1233,0.09787637166797242,0.07670523676248618,0.13789365265128836,0.06300661712884903,0.01637614046468409,0.07837160373505601
1234,0.12096501802402503,0.029501868163806382,0.028258132027489925,0.0026110054459422827,0.05834826195084177,0.04793685712242108
1235,0.9803571761178144,0.9842059185673244,0.9878420290823522,0.976227879524231,0.9653364210484593,0.9787938848680362
1236,0.8950147455937468,0.89198979136932,0.5269197162637295,0.6296764016151428,0.904408645964688,0.7696018601613255
1237,0.6267308212483556,0.7871389591138525,0.7587341157451463,0.6226801872253418,0.7404415541514662,0.7071451274968324
1238,0.09464488430127677,0.08166454765336026,0.18214855434916133,0.12958158552646637,0.0464702474187731,0.10690196384980757
1239,0.7601888859821624,0.7787060225912136,0.8355188382919203,0.5268862247467041,0.6725874747613527,0.7147774892746707
1240,0.060415626768510367,0.05581890534965818,0.18756863566798745,0.13733646273612976,0.006535253729178606,0.08953497685029288
1241,0.9047314724117579,0.9524124944522139,0.7639000825917525,0.7153778672218323,0.9461377307721577,0.8565119294899428
1242,0.9873891788172086,0.9811761427976863,0.8865957810414062,0.9154711961746216,0.9817138369932221,0.950469227164829
1243,0.08182351904253232,0.05021171057434856,0.182494219709501,0.12496145069599152,0.011575893352886956,0.09021335867505206
1244,0.12212657523858515,0.08824569603032888,0.2641148383728599,0.2894497811794281,0.06096979060899694,0.16498133628603978
1245,0.15576164595783898,0.20979489663036144,0.07624979021098384,0.033621445298194885,0.14723220502719436,0.1245319966249147
1246,0.768766299387126,0.8508963042733619,0.6429636974250539,0.3906763195991516,0.757109546203306,0.6820824333775999
1247,0.17140705031901124,0.1323120169073925,0.16458710457754286,0.15394678711891174,0.06680070587303129,0.13781073295917795
1248,0.9464880996691473,0.9622575919031345,0.6694176326614141,0.8066567182540894,0.9801975044150552,0.873003509380568
1249,0.1386252682278086,0.15008015793397939,0.14249118964133134,0.06707657128572464,0.13265101503612295,0.1261848404249934
1250,0.12896669412797135,0.23310401377417697,0.1552229239743296,0.0837181806564331,0.3081684936403937,0.18183606123466095
1251,0.5967062423948077,0.6041761138739381,0.757159317834927,0.660783588886261,0.6574008332742036,0.6552452192528275
1252,0.03487039431157078,0.01883350782905177,0.022465732604253476,0.021799491718411446,0.04075528436997621,0.02774488216665274
1253,0.9696692477404283,0.969540435982612,0.8167582752128281,0.8555475473403931,0.9633306312895001,0.9149692275131522
1254,0.9092264242423228,0.9580690142030461,0.8711633269675928,0.7176370620727539,0.9559093045973983,0.8824010264166228
1255,0.12808615937833057,0.21021542137925103,0.1488161665212362,0.07419168204069138,0.35125077380835357,0.18251204062557252
1256,0.985807956179742,0.96795613075389,0.8765332143402313,0.920529842376709,0.9761956943420782,0.9454045675985302
1257,0.27780701309768896,0.05722746231482587,0.47165168214367303,0.025477025657892227,0.1071832984968417,0.18786929634218436
1258,0.11079247498537237,0.06342979059228385,0.096665594072095,0.051004622131586075,0.0852835756678254,0.08143521148983254
1259,0.530008425628663,0.2138155751511892,0.7736334559478368,0.8222323656082153,0.27673318716067125,0.523284601899315
1260,0.9873891788172086,0.9811761427976863,0.8843050562286352,0.9006452560424805,0.9830721403955659,0.9473175548563153
1261,0.21904085751644237,0.3064270590103085,0.19203454192611757,0.1442568302154541,0.2587737296647382,0.22410660366661217
1262,0.07405424801813315,0.05334934569047497,0.12076990257648795,0.09376279264688492,0.016568690451590602,0.07170099587671433
1263,0.9951449824936692,0.9937361011243924,0.8940721134507786,0.9418930411338806,0.9927252261268784,0.9635142928659197
1264,0.1117863008792891,0.03942338852713851,0.1472856774401717,0.03449082374572754,0.038608720316149224,0.07431898218169522
1265,0.1306426593077349,0.07954199061506775,0.14185526108509605,0.08429575711488724,0.19239001096299846,0.12574513581715688
1266,0.9855913931847831,0.9651379413255494,0.7931460163205115,0.9404606223106384,0.9762814225256562,0.9321234791334276
1267,0.9683534183929939,0.9768698330588065,0.932743777346025,0.946672797203064,0.9569311063219594,0.9563141864645697
1268,0.3382364758499303,0.1708081598024552,0.4842527782379983,0.3087628483772278,0.15080428067854532,0.29057290858923135
1269,0.07455372994748041,0.05313767870803757,0.1934734631283728,0.14038221538066864,0.012500018741020578,0.09480942118111599
1270,0.14525886131311544,0.10920737617003162,0.17213624500468336,0.23473279178142548,0.06413825015092368,0.14509470488403592
1271,0.33678357372475015,0.6099602660329057,0.16476684271012923,0.16975459456443787,0.4048689219787719,0.337226839802199
1272,0.12896669412797135,0.23310401377417697,0.1552229239743296,0.0837181806564331,0.3081684936403937,0.18183606123466095
1273,0.09386623147217953,0.10910176134335381,0.15750468855695074,0.08843271434307098,0.0348917227318517,0.09675942368948136
1274,0.5907530818262872,0.5808614195017876,0.8303706115131599,0.605772078037262,0.3723244415890558,0.5960163264935104
1275,0.559085483333413,0.6707663136823857,0.7896123694881042,0.7354923486709595,0.6305369688517971,0.6770986968053319
1276,0.1479476149005793,0.18387723587717736,0.16933519761319593,0.11409103125333786,0.3130885125224816,0.18566791843335442
1277,0.9446912643481206,0.8810486560038389,0.6531323966959194,0.5695940852165222,0.8551291000639424,0.7807191004656687
1278,0.07982270264890294,0.07670932197623904,0.15455828401655192,0.08755093812942505,0.1856828098670313,0.11686481132763005
1279,0.09899929080646255,0.016073869306198918,0.1176093831562436,0.06108073890209198,0.06762480969777691,0.07227761837375479
1280,0.10194079962024234,0.09610134339587653,0.168703842989155,0.11577776074409485,0.09484952721068586,0.11547465479201091
1281,0.12215656565656566,0.06134624608816101,0.2757261052373721,0.28864067792892456,0.16011772418802797,0.18159746381981026
1282,0.26680974243906763,0.449766374418611,0.3115743381080415,0.398055762052536,0.11124678165468248,0.3074905997345877
1283,0.9257998508705212,0.957669164945031,0.846840018379137,0.7431936860084534,0.9823311317084816,0.8911667703823248
1284,0.7592713630815688,0.8125034618247311,0.6022989488910969,0.6506743431091309,0.7229228776664958,0.7095341989146047
1285,0.10697257911871243,0.032203787546580924,0.13424992138605876,0.07352355867624283,0.06868443085120636,0.08312685551576025
1286,0.11597768445068084,0.03713934927614991,0.02864852012920563,0.015922775492072105,0.02402794520884045,0.04434325491138978
1287,0.9836245863517074,0.9696072426016649,0.8799707206852805,0.9262456893920898,0.9829110950659854,0.9484718668193455
1288,0.06663203175626406,0.07280036928846424,0.16146411410171455,0.09860284626483917,0.08605983898693458,0.09711184007964332
1289,0.9965491415079932,0.9927431175834587,0.8232208793369841,0.944443941116333,0.9885477096669921,0.9491009578423523
1290,0.08093381376001405,0.08152654572981646,0.158936167166371,0.09761878848075867,0.13663685854979538,0.11113043473735111
1291,0.08582192122310468,0.11862267303643291,0.14672124591760966,0.07056491076946259,0.02029408551686068,0.0884049672926941
1292,0.9853150728678357,0.9700633181043049,0.9013976118553696,0.9368592500686646,0.9636236714887481,0.9514517848769846
1293,0.07788693534610158,0.05968764405569218,0.09862617147049256,0.055838119238615036,0.018429963927726903,0.062093766807725645
1294,0.9936787689663504,0.9906414446754198,0.8426598412456707,0.8945388793945312,0.9933456194879586,0.9429729107539861
1295,0.2943377330909986,0.09654571445053306,0.2773293449198282,0.3877420425415039,0.09447621507149775,0.2300862100148723
1296,0.3814578864542971,0.2253337865572818,0.1249348210743859,0.1080944687128067,0.27363267887037074,0.22269072833382847
1297,0.255848966680126,0.5237404952145063,0.21623101804232134,0.17654819786548615,0.2195707848482494,0.27838789253013785
1298,0.08349353496125198,0.056040620526274544,0.11670809043150794,0.08407192677259445,0.007394628861128931,0.06954176031055156
1299,0.30205419559571595,0.033264829361442545,0.23315329225526069,0.18431814014911652,0.23281262180720996,0.19712061583374912
1300,0.7047768832703885,0.4791176213686667,0.738605397287153,0.5895378589630127,0.5861462123567039,0.619636794649185
1301,0.7274540540135918,0.8572572690605326,0.6599737289950401,0.4676856994628906,0.8453141179940189,0.7115369739052149
1302,0.739511262443397,0.8518364925114659,0.7347821915316839,0.5808969140052795,0.8383076573743167,0.7490669035732286
1303,0.9936602849750722,0.9515330825634718,0.8702451229034827,0.9594066143035889,0.9944227876662842,0.9538535784823801
1304,0.5315902519270029,0.6700008741031703,0.7206510607076329,0.5346012115478516,0.5135913342741039,0.5940869465119524
1305,0.08390963597427574,0.059199952950224,0.1556316758252014,0.08948161453008652,0.019889815677693115,0.08162253899149616
1306,0.9181543696650081,0.9371029792151458,0.9830560820374727,0.9682453870773315,0.9222693645041335,0.9457656364998183
1307,0.07911317529091005,0.04828059758907028,0.12538205755063986,0.05304969847202301,0.005377710317874544,0.06224064784410355
1308,0.08390963597427574,0.059199952950224,0.1556316758252014,0.08948161453008652,0.019889815677693115,0.08162253899149616
1309,0.7677057238216851,0.889495661388303,0.5,0.6591137647628784,0.8617054304345295,0.7356041160814792
